<?xml version="1.0"?>
<config>
    <!--<menu>
	    <mobiadmin translate="title" module="mobiadmin">
		    <title>MobiCommerce</title>
			<sort_order>31</sort_order>
			<children>			    
				<createnewapp>
				    <title>Create New Mobile App</title>
                    <sort_order>1</sort_order>
					<action>mobicommerce/index/new</action>
				</createnewapp>
				<appsetting>
				    <title>Manage Mobile Apps</title>
                    <sort_order>2</sort_order>
					<action>mobicommerce/index/index</action>
			    </appsetting>
			    <labels>
				    <title>Labels and Messages</title>
                    <sort_order>3</sort_order>
					<action>mobicommerce/index/labelsmessages</action>
			    </labels>
				<appnotification>
				    <title>Notifications</title>
                    <sort_order>4</sort_order>
					<action>mobicommerce/index/notification</action>
			    </appnotification>
				<appsupport>
				    <title>MobiCommerce Support</title>
                    <sort_order>5</sort_order>
			    </appsupport>
			</children>
	    </mobiadmin>
    </menu>
	<acl>
	    <resources>
		   <admin>
		       <children>
			       <mobiadmin translate="title" module="mobiadmin">
				       <title>Mobi Commerce</title>
					   <sort_order>1</sort_order>
					   <children>			    
							<createnewapp>
							<title>Create New Mobile App</title>
							</createnewapp>
							<appsetting>
							<title>Manage Mobile Apps</title>
							</appsetting>
							<appnotification>
							<title>Notifications</title>
							</appnotification>
						</children>
			       </mobiadmin>
		       </children>
		   </admin>
	    </resources>
	</acl>-->
</config>